target_field,driver_field,lag_months,regional_weighted_mean_r,regional_weighted_mean_r2_percent,valid_pixels,significant_pixels_p_lt_0_05,significant_fraction_percent,median_r,median_r2_percent,min_samples
grace,temperature,0,-0.010109048629983172,0.010219286420336465,2466,731,29.643146796431466,-0.023311110468221645,0.7630166445299355,24
grace,temperature,1,-0.008466253284745545,0.007167744468146473,2466,720,29.197080291970803,-0.017450320610204573,0.6697564890091805,24
grace,temperature,2,-0.004558220988401127,0.002077737857910055,2466,614,24.898621248986213,-0.016389326804057733,0.4038957137106006,24
grace,temperature,3,-0.003081071906875253,0.0009493004095335909,2466,592,24.006488240064883,-0.007903347454143731,0.4289596624882145,24
grace,temperature,4,-0.0034427124831221067,0.0011852269241444781,2466,682,27.65612327656123,-0.002929058619445619,0.4866607807241663,24
grace,temperature,5,-0.003646375453672137,0.0013296053949142684,2466,647,26.236820762368207,-0.008707268289318192,0.35374646498866985,24
grace,temperature,6,-0.007022901727511913,0.0049321148674289815,2466,700,28.386050283860502,-0.003025455961936283,0.34200501671707867,24
grace,temperature,7,-0.0074796965517134285,0.005594586050571375,2466,716,29.034874290348743,0.004049469269494557,0.38863057173444926,24
