target_field,driver_field,lag_months,regional_weighted_mean_r,regional_weighted_mean_r2_percent,valid_pixels,significant_pixels_p_lt_0_05,significant_fraction_percent,median_r,median_r2_percent,min_samples
grace_rate,temperature,0,0.038355594664022344,0.1471151642030779,2466,639,25.912408759124087,0.056761194361501136,0.8003688713375108,24
grace_rate,temperature,1,-0.05452721299036793,0.2973216956496949,2466,784,31.792376317923765,-0.06434944938699069,0.9388826543353842,24
grace_rate,temperature,2,-0.047709599069023265,0.22762058433269455,2466,394,15.977291159772912,-0.05705720884642938,0.5339200086270383,24
grace_rate,temperature,3,0.008021619326304184,0.00643463766161368,2466,184,7.461476074614761,0.028807872053412446,0.19259689731366758,24
grace_rate,temperature,4,0.006520259701930932,0.004251378658062445,2466,219,8.880778588807786,0.007993058367937098,0.14940937834178952,24
grace_rate,temperature,5,-0.02828058754955229,0.07997916321478919,2466,231,9.367396593673966,-0.01970549131201879,0.3970349411404446,24
grace_rate,temperature,6,-0.008639072623278116,0.007463357579027343,2466,4,0.16220600162206,0.0008738167607771101,0.16617223589220048,24
grace_rate,temperature,7,0.03181542568547801,0.10122213115481737,2466,72,2.9197080291970803,0.029428278327461855,0.1309094212743649,24
